data1,data2
1,0.500000
2,1.000000
3,1.500000
4,2.000000
5,2.500000
6,3.000000
7,3.500000
8,4.000000
9,4.500000
10,5.000000
11,5.500000
12,6.000000
13,6.500000
